protein ID,Rank,Score
WP_028357638.1,1,2.6153483
YP_007392738.1,2,-1.7437928
NP_938237.1,3,-2.6229293
WP_002212355.1,4,-5.618224
